{
  "totalPayouts": 2825.459504132238,
  "totalCommission": 313.9399449035819,
  "totalTax": 659.2738842975228,
  "totalCirclePayouts": {
    "BR/FR Indigenous Rights Circle": 475.84999999999997,
    "Africa Just Energy Transition Circle": 104.16666666666667,
    "Global HERO Circle": 1167.8,
    "UK Climate Justice Circle": 972.8900000000002,
    "EU Viable World for All Circle": 706.4666666666667,
    "LATAM Feminist Climate Justice Circle": 267.5,
    "MENA Sustainable Finance Circle": 42,
    "NL Sustainable Fashion Circle": 62
  },
  "mobilizerCirclePayouts": {
    "Samela Sateré-Mawé": {
      "BR/FR Indigenous Rights Circle": 58.98966942148762,
      "Global HERO Circle": 21.71528925619833
    },
    "Audrey Paranque": {
      "BR/FR Indigenous Rights Circle": 58.98966942148762,
      "Global HERO Circle": 21.71528925619833
    },
    "Tukumã Pataxó": {
      "BR/FR Indigenous Rights Circle": 58.98966942148762,
      "Global HERO Circle": 21.71528925619833
    },
    "Laetitia Jeanpierre": {
      "BR/FR Indigenous Rights Circle": 58.98966942148762,
      "Global HERO Circle": 21.71528925619833
    },
    "Leo Landon": {
      "BR/FR Indigenous Rights Circle": 58.98966942148762,
      "Global HERO Circle": 21.71528925619833
    },
    "Kelly Dochy": {
      "BR/FR Indigenous Rights Circle": 58.98966942148762,
      "Global HERO Circle": 21.71528925619833
    },
    "Koaile Monaheng": {
      "Africa Just Energy Transition Circle": 25.826446280991735,
      "Global HERO Circle": 21.71528925619833
    },
    "Cherop Soy": {
      "Africa Just Energy Transition Circle": 25.826446280991735,
      "Global HERO Circle": 21.71528925619833
    },
    "Abigael Kima": {
      "Africa Just Energy Transition Circle": 25.826446280991735,
      "Global HERO Circle": 21.71528925619833
    },
    "Liba Ravindran": {
      "Global HERO Circle": 21.71528925619833,
      "UK Climate Justice Circle": 144.72743801652885
    },
    "Dominique Palmer": {
      "Global HERO Circle": 21.71528925619833,
      "UK Climate Justice Circle": 144.72743801652885
    },
    "Francesca Willow": {
      "Global HERO Circle": 21.71528925619833,
      "UK Climate Justice Circle": 144.72743801652885
    },
    "Fi Quekett": {
      "Global HERO Circle": 21.71528925619833,
      "UK Climate Justice Circle": 144.72743801652885
    },
    "Karin Watson": {
      "Global HERO Circle": 21.71528925619833,
      "LATAM Feminist Climate Justice Circle": 19.89669421487604
    },
    "Catalina Santelices Brunel": {
      "Global HERO Circle": 21.71528925619833,
      "LATAM Feminist Climate Justice Circle": 19.89669421487604
    },
    "Emiliana Rickenmann": {
      "Global HERO Circle": 21.71528925619833,
      "LATAM Feminist Climate Justice Circle": 19.89669421487604
    },
    "Gabriela Franco Prieto": {
      "Global HERO Circle": 21.71528925619833,
      "LATAM Feminist Climate Justice Circle": 19.89669421487604
    },
    "Sofia Aguayo": {
      "Global HERO Circle": 21.71528925619833,
      "LATAM Feminist Climate Justice Circle": 19.89669421487604
    },
    "Andrea Paola": {
      "Global HERO Circle": 21.71528925619833,
      "LATAM Feminist Climate Justice Circle": 19.89669421487604
    },
    "Sofia Luna": {
      "Global HERO Circle": 21.71528925619833,
      "LATAM Feminist Climate Justice Circle": 19.89669421487604
    },
    "Ariana Krochik": {
      "Global HERO Circle": 21.71528925619833,
      "LATAM Feminist Climate Justice Circle": 19.89669421487604
    },
    "Melissa Cáceres": {
      "Global HERO Circle": 21.71528925619833,
      "LATAM Feminist Climate Justice Circle": 19.89669421487604
    },
    "Keval Bharadia": {
      "Global HERO Circle": 21.71528925619833,
      "UK Climate Justice Circle": 144.72743801652885
    },
    "Adélaïde Charlier": {
      "Global HERO Circle": 21.71528925619833,
      "EU Viable World for All Circle": 131.3677685950412
    },
    "Lucie Morauw": {
      "Global HERO Circle": 21.71528925619833,
      "EU Viable World for All Circle": 131.3677685950412
    },
    "Chloé Mikolajczak": {
      "Global HERO Circle": 21.71528925619833,
      "EU Viable World for All Circle": 131.3677685950412
    },
    "Laurie Pazienza": {
      "Global HERO Circle": 21.71528925619833,
      "EU Viable World for All Circle": 131.3677685950412
    },
    "Mohamed Walid Jomni": {
      "Global HERO Circle": 21.71528925619833,
      "MENA Sustainable Finance Circle": 4.462809917355372
    },
    "Ahmed Elhadj Taieb ": {
      "Global HERO Circle": 21.71528925619833,
      "MENA Sustainable Finance Circle": 4.462809917355372
    },
    "Rawe Kefi": {
      "Global HERO Circle": 21.71528925619833,
      "MENA Sustainable Finance Circle": 4.462809917355372
    },
    "Mohamed Ali Raddaoui": {
      "Global HERO Circle": 21.71528925619833,
      "MENA Sustainable Finance Circle": 4.462809917355372
    },
    "Wafa Hamdi": {
      "Global HERO Circle": 21.71528925619833,
      "MENA Sustainable Finance Circle": 4.462809917355372
    },
    "Zoubeir BenHadj YAHYA": {
      "Global HERO Circle": 21.71528925619833,
      "MENA Sustainable Finance Circle": 4.462809917355372
    },
    "Amal Ridene": {
      "Global HERO Circle": 21.71528925619833,
      "MENA Sustainable Finance Circle": 4.462809917355372
    },
    "Pamela EA": {
      "Global HERO Circle": 21.71528925619833,
      "LATAM Feminist Climate Justice Circle": 19.89669421487604
    },
    "Kiki  Boreel": {
      "Global HERO Circle": 21.71528925619833,
      "NL Sustainable Fashion Circle": 9.223140495867767
    },
    "Rachel Castillo": {
      "Global HERO Circle": 21.71528925619833,
      "NL Sustainable Fashion Circle": 9.223140495867767
    },
    "Claudia Angeli": {
      "Global HERO Circle": 21.71528925619833,
      "NL Sustainable Fashion Circle": 9.223140495867767
    },
    "Sara Dubbeldam": {
      "Global HERO Circle": 21.71528925619833,
      "NL Sustainable Fashion Circle": 9.223140495867767
    },
    "Rashi Favier": {
      "Global HERO Circle": 21.71528925619833,
      "NL Sustainable Fashion Circle": 9.223140495867767
    }
  },
  "breakdown": [
    {
      "_id": "63a5c890879b5e1aaf10db0b",
      "firstName": "Samela",
      "lastName": "Sateré-Mawé",
      "email": "samela@hero.com",
      "amount": 80.70495867768605,
      "circleName": "BR/FR Indigenous Rights Circle"
    },
    {
      "_id": "63a4a0583d4a58916cd06498",
      "firstName": "Audrey",
      "lastName": "Paranque",
      "email": "audrey@hero.com",
      "amount": 80.70495867768605,
      "circleName": "BR/FR Indigenous Rights Circle"
    },
    {
      "_id": "63a5c9cc879b5e1aaf10db0c",
      "firstName": "Tukumã",
      "lastName": "Pataxó",
      "email": "takuma@hero.com",
      "amount": 80.70495867768605,
      "circleName": "BR/FR Indigenous Rights Circle"
    },
    {
      "_id": "63a5c601879b5e1aaf10db06",
      "firstName": "Laetitia",
      "lastName": "Jeanpierre",
      "email": "laetitia@hero.com",
      "amount": 80.70495867768605,
      "circleName": "BR/FR Indigenous Rights Circle"
    },
    {
      "_id": "63a5c78f879b5e1aaf10db0a",
      "firstName": "Leo",
      "lastName": "Landon",
      "email": "leo@hero.com",
      "amount": 80.70495867768605,
      "circleName": "BR/FR Indigenous Rights Circle"
    },
    {
      "_id": "643ab67454d52d48d5cc59b4",
      "firstName": "Kelly",
      "lastName": "Dochy",
      "email": "dochy.kelly@gmail.com",
      "amount": 80.70495867768605,
      "circleName": "BR/FR Indigenous Rights Circle"
    },
    {
      "_id": "655e734d45c8aa8dfdd516dc",
      "firstName": "Koaile",
      "lastName": "Monaheng",
      "email": "kwakwamona@gmail.com",
      "amount": 47.54173553719008,
      "circleName": "Africa Just Energy Transition Circle"
    },
    {
      "_id": "655e72eb71e4b3db859bbee1",
      "firstName": "Cherop",
      "lastName": "Soy",
      "email": "cheropsoy@gmail.com",
      "amount": 47.54173553719008,